"","key_new","V1","V2","key_orig","SIG_CD","SIG_ENG_NM","SIG_KOR_NM","CENTROIX","CENTROIY","row","col","geometry"
"3","126.278343872637_33.2645339675159",126.278343872637,33.2645339675159,"126.52754283_33.43690726","50110","Jeju-si","제주시",126.52754283,33.43690726,218,1,list(c(126.178113100447, 126.178113100447, 126.378574644828, 126.378574644828, 126.178113100447, 33.1643031953254, 33.3647647397063, 33.3647647397063, 33.1643031953254, 33.1643031953254))
"10","126.478805417018_33.2645339675159",126.478805417018,33.2645339675159,"126.5814193_33.32475899","50130","Seogwipo-si","서귀포시",126.5814193,33.32475899,219,2,list(c(126.378574644828, 126.378574644828, 126.579036189209, 126.579036189209, 126.378574644828, 33.1643031953254, 33.3647647397063, 33.3647647397063, 33.1643031953254, 33.1643031953254))
"11","126.478805417018_33.4649955118968",126.478805417018,33.4649955118968,"126.74764187_34.30908647","46890","Wando-gun","완도군",126.74764187,34.30908647,200,3,list(c(126.378574644828, 126.378574644828, 126.579036189209, 126.579036189209, 126.378574644828, 33.3647647397063, 33.5652262840873, 33.5652262840873, 33.3647647397063, 33.3647647397063))
"21","126.679266961399_33.4649955118968",126.679266961399,33.4649955118968,"128.61973348_34.86626699","48310","Geoje-si","거제시",128.61973348,34.86626699,71,4,list(c(126.579036189209, 126.579036189209, 126.77949773359, 126.77949773359, 126.579036189209, 33.3647647397063, 33.5652262840873, 33.5652262840873, 33.3647647397063, 33.3647647397063))
"37","126.87972850578_33.4649955118968",126.87972850578,33.4649955118968,"129.03168463_35.10661587","26110","Jung-gu","중구",129.03168463,35.10661587,125,5,list(c(126.77949773359, 126.77949773359, 126.979959277971, 126.979959277971, 126.77949773359, 33.3647647397063, 33.5652262840873, 33.5652262840873, 33.3647647397063, 33.3647647397063))
"4","126.278343872637_34.4673032338018",126.278343872637,34.4673032338018,"126.24161365_34.45903835","46900","Jindo-gun","진도군",126.24161365,34.45903835,201,6,list(c(126.178113100447, 126.178113100447, 126.378574644828, 126.378574644828, 126.178113100447, 34.3670724616113, 34.5675340059923, 34.5675340059923, 34.3670724616113, 34.3670724616113))
"12","126.478805417018_34.4673032338018",126.478805417018,34.4673032338018,"126.52484023_34.54318581","46820","Haenam-gun","해남군",126.52484023,34.54318581,194,7,list(c(126.378574644828, 126.378574644828, 126.579036189209, 126.579036189209, 126.378574644828, 34.3670724616113, 34.5675340059923, 34.5675340059923, 34.3670724616113, 34.3670724616113))
"22","126.679266961399_34.4673032338018",126.679266961399,34.4673032338018,"126.77113879_34.62316247","46810","Gangjin-gun","강진군",126.77113879,34.62316247,193,8,list(c(126.579036189209, 126.579036189209, 126.77949773359, 126.77949773359, 126.579036189209, 34.3670724616113, 34.5675340059923, 34.5675340059923, 34.3670724616113, 34.3670724616113))
"38","126.87972850578_34.4673032338018",126.87972850578,34.4673032338018,"127.16020784_34.81365058","46780","Boseong-gun","보성군",127.16020784,34.81365058,190,9,list(c(126.77949773359, 126.77949773359, 126.979959277971, 126.979959277971, 126.77949773359, 34.3670724616113, 34.5675340059923, 34.5675340059923, 34.3670724616113, 34.3670724616113))
"93","127.481113138923_34.4673032338018",127.481113138923,34.4673032338018,"128.38352491_34.87302314","48220","Tongyeong-si","통영시",128.38352491,34.87302314,67,10,list(c(127.380882366732, 127.380882366732, 127.581343911113, 127.581343911113, 127.380882366732, 34.3670724616113, 34.5675340059923, 34.5675340059923, 34.3670724616113, 34.3670724616113))
"5","126.278343872637_34.6677647781828",126.278343872637,34.6677647781828,"126.40455217_34.81271692","46110","Mokpo-si","목포시",126.40455217,34.81271692,181,11,list(c(126.178113100447, 126.178113100447, 126.378574644828, 126.378574644828, 126.178113100447, 34.5675340059923, 34.7679955503732, 34.7679955503732, 34.5675340059923, 34.5675340059923))
"23","126.679266961399_34.6677647781828",126.679266961399,34.6677647781828,"126.62820339_34.79892909","46830","Yeongam-gun","영암군",126.62820339,34.79892909,195,12,list(c(126.579036189209, 126.579036189209, 126.77949773359, 126.77949773359, 126.579036189209, 34.5675340059923, 34.7679955503732, 34.7679955503732, 34.5675340059923, 34.5675340059923))
"39","126.87972850578_34.6677647781828",126.87972850578,34.6677647781828,"126.92281875_34.67712004","46800","Jangheung-gun","장흥군",126.92281875,34.67712004,192,13,list(c(126.77949773359, 126.77949773359, 126.979959277971, 126.979959277971, 126.77949773359, 34.5675340059923, 34.7679955503732, 34.7679955503732, 34.5675340059923, 34.5675340059923))
"74","127.280651594542_34.6677647781828",127.280651594542,34.6677647781828,"127.31445974_34.60617548","46770","Goheung-gun","고흥군",127.31445974,34.60617548,189,14,list(c(127.180420822351, 127.180420822351, 127.380882366732, 127.380882366732, 127.180420822351, 34.5675340059923, 34.7679955503732, 34.7679955503732, 34.5675340059923, 34.5675340059923))
"1","126.077882328256_34.8682263225637",126.077882328256,34.8682263225637,"126.06079542_34.83915952","46910","Sinan-gun","신안군",126.06079542,34.83915952,202,15,list(c(125.977651556066, 125.977651556066, 126.178113100447, 126.178113100447, 125.977651556066, 34.7679955503732, 34.9684570947542, 34.9684570947542, 34.7679955503732, 34.7679955503732))
"6","126.278343872637_34.8682263225637",126.278343872637,34.8682263225637,"126.42294509_34.95657948","46840","Muan-gun","무안군",126.42294509,34.95657948,196,16,list(c(126.178113100447, 126.178113100447, 126.378574644828, 126.378574644828, 126.178113100447, 34.7679955503732, 34.9684570947542, 34.9684570947542, 34.7679955503732, 34.7679955503732))
"13","126.478805417018_34.8682263225637",126.478805417018,34.8682263225637,"126.53407196_35.11174624","46860","Hampyeong-gun","함평군",126.53407196,35.11174624,197,17,list(c(126.378574644828, 126.378574644828, 126.579036189209, 126.579036189209, 126.378574644828, 34.7679955503732, 34.9684570947542, 34.9684570947542, 34.7679955503732, 34.7679955503732))
"24","126.679266961399_34.8682263225637",126.679266961399,34.8682263225637,"126.72130482_34.98741784","46170","Naju-si","나주시",126.72130482,34.98741784,184,18,list(c(126.579036189209, 126.579036189209, 126.77949773359, 126.77949773359, 126.579036189209, 34.7679955503732, 34.9684570947542, 34.9684570947542, 34.7679955503732, 34.7679955503732))
"40","126.87972850578_34.8682263225637",126.87972850578,34.8682263225637,"126.85481103_35.09045286","29155","Nam-gu","남구",126.85481103,35.09045286,109,19,list(c(126.77949773359, 126.77949773359, 126.979959277971, 126.979959277971, 126.77949773359, 34.7679955503732, 34.9684570947542, 34.9684570947542, 34.7679955503732, 34.7679955503732))
"57","127.080190050161_34.8682263225637",127.080190050161,34.8682263225637,"127.03337674_35.0069128","46790","Hwasun-gun","화순군",127.03337674,35.0069128,191,20,list(c(126.979959277971, 126.979959277971, 127.180420822351, 127.180420822351, 126.979959277971, 34.7679955503732, 34.9684570947542, 34.9684570947542, 34.7679955503732, 34.7679955503732))
"75","127.280651594542_34.8682263225637",127.280651594542,34.8682263225637,"127.38999557_34.99447629","46150","Suncheon-si","순천시",127.38999557,34.99447629,183,21,list(c(127.180420822351, 127.180420822351, 127.380882366732, 127.380882366732, 127.180420822351, 34.7679955503732, 34.9684570947542, 34.9684570947542, 34.7679955503732, 34.7679955503732))
"94","127.481113138923_34.8682263225637",127.481113138923,34.8682263225637,"127.66691148_34.74108594","46130","Yeosu-si","여수시",127.66691148,34.74108594,182,22,list(c(127.380882366732, 127.380882366732, 127.581343911113, 127.581343911113, 127.380882366732, 34.7679955503732, 34.9684570947542, 34.9684570947542, 34.7679955503732, 34.7679955503732))
"129","127.882036227685_34.8682263225637",127.882036227685,34.8682263225637,"127.93950637_34.81994996","48840","Namhae-gun","남해군",127.93950637,34.81994996,77,23,list(c(127.781805455494, 127.781805455494, 127.982266999875, 127.982266999875, 127.781805455494, 34.7679955503732, 34.9684570947542, 34.9684570947542, 34.7679955503732, 34.7679955503732))
"181","128.483420860828_34.8682263225637",128.483420860828,34.8682263225637,"128.97195187_35.09385813","26380","Saha-gu","사하구",128.97195187,35.09385813,133,24,list(c(128.383190088637, 128.383190088637, 128.583651633018, 128.583651633018, 128.383190088637, 34.7679955503732, 34.9684570947542, 34.9684570947542, 34.7679955503732, 34.7679955503732))
"198","128.683882405209_34.8682263225637",128.683882405209,34.8682263225637,"129.0139025_35.11086205","26140","Seo-gu","서구",129.0139025,35.11086205,126,25,list(c(128.583651633018, 128.583651633018, 128.784113177399, 128.784113177399, 128.583651633018, 34.7679955503732, 34.9684570947542, 34.9684570947542, 34.7679955503732, 34.7679955503732))
"2","126.077882328256_35.0686878669447",126.077882328256,35.0686878669447,"125.08589031_37.7476513","28720","Ongjin-gun","옹진군",125.08589031,37.7476513,180,26,list(c(125.977651556066, 125.977651556066, 126.178113100447, 126.178113100447, 125.977651556066, 34.9684570947542, 35.1689186391352, 35.1689186391352, 34.9684570947542, 34.9684570947542))
"7","126.278343872637_35.0686878669447",126.278343872637,35.0686878669447,"126.66399631_37.45254977","28177","Michuhol-gu","미추홀구",126.66399631,37.45254977,173,27,list(c(126.178113100447, 126.178113100447, 126.378574644828, 126.378574644828, 126.178113100447, 34.9684570947542, 35.1689186391352, 35.1689186391352, 34.9684570947542, 34.9684570947542))
"14","126.478805417018_35.0686878669447",126.478805417018,35.0686878669447,"126.61766599_35.45016977","45790","Gochang-gun","고창군",126.61766599,35.45016977,216,28,list(c(126.378574644828, 126.378574644828, 126.579036189209, 126.579036189209, 126.378574644828, 34.9684570947542, 35.1689186391352, 35.1689186391352, 34.9684570947542, 34.9684570947542))
"25","126.679266961399_35.0686878669447",126.679266961399,35.0686878669447,"126.75019674_35.16467727","29200","Gwangsan-gu","광산구",126.75019674,35.16467727,111,29,list(c(126.579036189209, 126.579036189209, 126.77949773359, 126.77949773359, 126.579036189209, 34.9684570947542, 35.1689186391352, 35.1689186391352, 34.9684570947542, 34.9684570947542))
"41","126.87972850578_35.0686878669447",126.87972850578,35.0686878669447,"126.8559613_35.13618205","29140","Seo-gu","서구",126.8559613,35.13618205,108,30,list(c(126.77949773359, 126.77949773359, 126.979959277971, 126.979959277971, 126.77949773359, 34.9684570947542, 35.1689186391352, 35.1689186391352, 34.9684570947542, 34.9684570947542))
"58","127.080190050161_35.0686878669447",127.080190050161,35.0686878669447,"126.95444484_35.11614355","29110","Dong-gu","동구",126.95444484,35.11614355,107,31,list(c(126.979959277971, 126.979959277971, 127.180420822351, 127.180420822351, 126.979959277971, 34.9684570947542, 35.1689186391352, 35.1689186391352, 34.9684570947542, 34.9684570947542))
"76","127.280651594542_35.0686878669447",127.280651594542,35.0686878669447,"127.26454893_35.21683674","46720","Gokseong-gun","곡성군",127.26454893,35.21683674,187,32,list(c(127.180420822351, 127.180420822351, 127.380882366732, 127.380882366732, 127.180420822351, 34.9684570947542, 35.1689186391352, 35.1689186391352, 34.9684570947542, 34.9684570947542))
"95","127.481113138923_35.0686878669447",127.481113138923,35.0686878669447,"127.65159294_35.02797253","46230","Gwangyang-si","광양시",127.65159294,35.02797253,185,33,list(c(127.380882366732, 127.380882366732, 127.581343911113, 127.581343911113, 127.380882366732, 34.9684570947542, 35.1689186391352, 35.1689186391352, 34.9684570947542, 34.9684570947542))
"112","127.681574683304_35.0686878669447",127.681574683304,35.0686878669447,"127.77760029_35.13826758","48850","Hadong-gun","하동군",127.77760029,35.13826758,78,34,list(c(127.581343911113, 127.581343911113, 127.781805455494, 127.781805455494, 127.581343911113, 34.9684570947542, 35.1689186391352, 35.1689186391352, 34.9684570947542, 34.9684570947542))
"130","127.882036227685_35.0686878669447",127.882036227685,35.0686878669447,"128.04029418_35.0513937","48240","Sacheon-si","사천시",128.04029418,35.0513937,68,35,list(c(127.781805455494, 127.781805455494, 127.982266999875, 127.982266999875, 127.781805455494, 34.9684570947542, 35.1689186391352, 35.1689186391352, 34.9684570947542, 34.9684570947542))
"147","128.082497772066_35.0686878669447",128.082497772066,35.0686878669447,"128.29527122_35.01686361","48820","Goseong-gun","고성군",128.29527122,35.01686361,76,36,list(c(127.982266999875, 127.982266999875, 128.182728544256, 128.182728544256, 127.982266999875, 34.9684570947542, 35.1689186391352, 35.1689186391352, 34.9684570947542, 34.9684570947542))
"164","128.282959316447_35.0686878669447",128.282959316447,35.0686878669447,"128.73989914_35.1298777","48129","Jinhae-gu, Changwon-si","창원시 진해구",128.73989914,35.1298777,65,37,list(c(128.182728544256, 128.182728544256, 128.383190088637, 128.383190088637, 128.182728544256, 34.9684570947542, 35.1689186391352, 35.1689186391352, 34.9684570947542, 34.9684570947542))
"15","126.478805417018_35.2691494113257",126.478805417018,35.2691494113257,"126.46237169_35.28018513","46870","Yeonggwang-gun","영광군",126.46237169,35.28018513,198,38,list(c(126.378574644828, 126.378574644828, 126.579036189209, 126.579036189209, 126.378574644828, 35.1689186391352, 35.3693801835162, 35.3693801835162, 35.1689186391352, 35.1689186391352))
"26","126.679266961399_35.2691494113257",126.679266961399,35.2691494113257,"126.76932551_35.32975425","46880","Jangseong-gun","장성군",126.76932551,35.32975425,199,39,list(c(126.579036189209, 126.579036189209, 126.77949773359, 126.77949773359, 126.579036189209, 35.1689186391352, 35.3693801835162, 35.3693801835162, 35.1689186391352, 35.1689186391352))
"42","126.87972850578_35.2691494113257",126.87972850578,35.2691494113257,"126.92593428_35.19349138","29170","Buk-gu","북구",126.92593428,35.19349138,110,40,list(c(126.77949773359, 126.77949773359, 126.979959277971, 126.979959277971, 126.77949773359, 35.1689186391352, 35.3693801835162, 35.3693801835162, 35.1689186391352, 35.1689186391352))
"59","127.080190050161_35.2691494113257",127.080190050161,35.2691494113257,"126.9987242_35.2905073","46710","Damyang-gun","담양군",126.9987242,35.2905073,186,41,list(c(126.979959277971, 126.979959277971, 127.180420822351, 127.180420822351, 126.979959277971, 35.1689186391352, 35.3693801835162, 35.3693801835162, 35.1689186391352, 35.1689186391352))
"77","127.280651594542_35.2691494113257",127.280651594542,35.2691494113257,"127.4451913_35.42274223","45190","Namwon-si","남원시",127.4451913,35.42274223,208,42,list(c(127.180420822351, 127.180420822351, 127.380882366732, 127.380882366732, 127.180420822351, 35.1689186391352, 35.3693801835162, 35.3693801835162, 35.1689186391352, 35.1689186391352))
"96","127.481113138923_35.2691494113257",127.481113138923,35.2691494113257,"127.50451007_35.23796068","46730","Gurye-gun","구례군",127.50451007,35.23796068,188,43,list(c(127.380882366732, 127.380882366732, 127.581343911113, 127.581343911113, 127.380882366732, 35.1689186391352, 35.3693801835162, 35.3693801835162, 35.1689186391352, 35.1689186391352))
"113","127.681574683304_35.2691494113257",127.681574683304,35.2691494113257,"127.88557451_35.36886847","48860","Sancheong-gun","산청군",127.88557451,35.36886847,79,44,list(c(127.581343911113, 127.581343911113, 127.781805455494, 127.781805455494, 127.581343911113, 35.1689186391352, 35.3693801835162, 35.3693801835162, 35.1689186391352, 35.1689186391352))
"131","127.882036227685_35.2691494113257",127.882036227685,35.2691494113257,"128.12609272_35.20654475","48170","Jinju-si","진주시",128.12609272,35.20654475,66,45,list(c(127.781805455494, 127.781805455494, 127.982266999875, 127.982266999875, 127.781805455494, 35.1689186391352, 35.3693801835162, 35.3693801835162, 35.1689186391352, 35.1689186391352))
"148","128.082497772066_35.2691494113257",128.082497772066,35.2691494113257,"128.48252441_35.13835596","48125","Masanhappo-gu, Changwon-si","창원시 마산합포구",128.48252441,35.13835596,63,46,list(c(127.982266999875, 127.982266999875, 128.182728544256, 128.182728544256, 127.982266999875, 35.1689186391352, 35.3693801835162, 35.3693801835162, 35.1689186391352, 35.1689186391352))
"165","128.282959316447_35.2691494113257",128.282959316447,35.2691494113257,"128.53408755_35.2328524","48127","Masanhoewon-gu, Changwon-si","창원시 마산회원구",128.53408755,35.2328524,64,47,list(c(128.182728544256, 128.182728544256, 128.383190088637, 128.383190088637, 128.182728544256, 35.1689186391352, 35.3693801835162, 35.3693801835162, 35.1689186391352, 35.1689186391352))
"182","128.483420860828_35.2691494113257",128.483420860828,35.2691494113257,"128.67424616_35.19871988","48123","Seongsan-gu, Changwon-si","창원시 성산구",128.67424616,35.19871988,62,48,list(c(128.383190088637, 128.383190088637, 128.583651633018, 128.583651633018, 128.383190088637, 35.1689186391352, 35.3693801835162, 35.3693801835162, 35.1689186391352, 35.1689186391352))
"199","128.683882405209_35.2691494113257",128.683882405209,35.2691494113257,"128.89390135_35.14211846","26440","Gangseo-gu","강서구",128.89390135,35.14211846,135,49,list(c(128.583651633018, 128.583651633018, 128.784113177399, 128.784113177399, 128.583651633018, 35.1689186391352, 35.3693801835162, 35.3693801835162, 35.1689186391352, 35.1689186391352))
"213","128.88434394959_35.2691494113257",128.88434394959,35.2691494113257,"128.9896951_35.16277458","26530","Sasang-gu","사상구",128.9896951,35.16277458,138,50,list(c(128.784113177399, 128.784113177399, 128.98457472178, 128.98457472178, 128.784113177399, 35.1689186391352, 35.3693801835162, 35.3693801835162, 35.1689186391352, 35.1689186391352))
"226","129.084805493971_35.2691494113257",129.084805493971,35.2691494113257,"129.0836245_35.17787573","26470","Yeonje-gu","연제구",129.0836245,35.17787573,136,51,list(c(128.98457472178, 128.98457472178, 129.185036266161, 129.185036266161, 128.98457472178, 35.1689186391352, 35.3693801835162, 35.3693801835162, 35.1689186391352, 35.1689186391352))
"16","126.478805417018_35.4696109557067",126.478805417018,35.4696109557067,"126.60358065_36.34376025","44180","Boryeong-si","보령시",126.60358065,36.34376025,223,52,list(c(126.378574644828, 126.378574644828, 126.579036189209, 126.579036189209, 126.378574644828, 35.3693801835162, 35.5698417278972, 35.5698417278972, 35.3693801835162, 35.3693801835162))
"27","126.679266961399_35.4696109557067",126.679266961399,35.4696109557067,"126.65393169_35.67904578","45800","Buan-gun","부안군",126.65393169,35.67904578,217,53,list(c(126.579036189209, 126.579036189209, 126.77949773359, 126.77949773359, 126.579036189209, 35.3693801835162, 35.5698417278972, 35.5698417278972, 35.3693801835162, 35.3693801835162))
"43","126.87972850578_35.4696109557067",126.87972850578,35.4696109557067,"126.90635706_35.60140093","45180","Jeongeup-si","정읍시",126.90635706,35.60140093,207,54,list(c(126.77949773359, 126.77949773359, 126.979959277971, 126.979959277971, 126.77949773359, 35.3693801835162, 35.5698417278972, 35.5698417278972, 35.3693801835162, 35.3693801835162))
"60","127.080190050161_35.4696109557067",127.080190050161,35.4696109557067,"127.09225142_35.43318215","45770","Sunchang-gun","순창군",127.09225142,35.43318215,215,55,list(c(126.979959277971, 126.979959277971, 127.180420822351, 127.180420822351, 126.979959277971, 35.3693801835162, 35.5698417278972, 35.5698417278972, 35.3693801835162, 35.3693801835162))
"78","127.280651594542_35.4696109557067",127.280651594542,35.4696109557067,"127.2354851_35.59585131","45750","Imsil-gun","임실군",127.2354851,35.59585131,214,56,list(c(127.180420822351, 127.180420822351, 127.380882366732, 127.380882366732, 127.180420822351, 35.3693801835162, 35.5698417278972, 35.5698417278972, 35.3693801835162, 35.3693801835162))
"97","127.481113138923_35.4696109557067",127.481113138923,35.4696109557067,"127.54422713_35.65758995","45740","Jangsu-gun","장수군",127.54422713,35.65758995,213,57,list(c(127.380882366732, 127.380882366732, 127.581343911113, 127.581343911113, 127.380882366732, 35.3693801835162, 35.5698417278972, 35.5698417278972, 35.3693801835162, 35.3693801835162))
"114","127.681574683304_35.4696109557067",127.681574683304,35.4696109557067,"127.72266475_35.55384486","48870","Hamyang-gun","함양군",127.72266475,35.55384486,80,58,list(c(127.581343911113, 127.581343911113, 127.781805455494, 127.781805455494, 127.581343911113, 35.3693801835162, 35.5698417278972, 35.5698417278972, 35.3693801835162, 35.3693801835162))
"132","127.882036227685_35.4696109557067",127.882036227685,35.4696109557067,"128.43010812_35.29133159","48730","Haman-gun","함안군",128.43010812,35.29133159,74,59,list(c(127.781805455494, 127.781805455494, 127.982266999875, 127.982266999875, 127.781805455494, 35.3693801835162, 35.5698417278972, 35.5698417278972, 35.3693801835162, 35.3693801835162))
"149","128.082497772066_35.4696109557067",128.082497772066,35.4696109557067,"128.27709824_35.39231831","48720","Uiryeong-gun","의령군",128.27709824,35.39231831,73,60,list(c(127.982266999875, 127.982266999875, 128.182728544256, 128.182728544256, 127.982266999875, 35.3693801835162, 35.5698417278972, 35.5698417278972, 35.3693801835162, 35.3693801835162))
"166","128.282959316447_35.4696109557067",128.282959316447,35.4696109557067,"128.64967175_35.31232454","48121","Uichang-gu, Changwon-si","창원시 의창구",128.64967175,35.31232454,61,61,list(c(128.182728544256, 128.182728544256, 128.383190088637, 128.383190088637, 128.182728544256, 35.3693801835162, 35.5698417278972, 35.5698417278972, 35.3693801835162, 35.3693801835162))
"183","128.483420860828_35.4696109557067",128.483420860828,35.4696109557067,"128.84651604_35.27094602","48250","Gimhae-si","김해시",128.84651604,35.27094602,69,62,list(c(128.383190088637, 128.383190088637, 128.583651633018, 128.583651633018, 128.383190088637, 35.3693801835162, 35.5698417278972, 35.5698417278972, 35.3693801835162, 35.3693801835162))
"200","128.683882405209_35.4696109557067",128.683882405209,35.4696109557067,"129.04310352_35.12713407","26170","Dong-gu","동구",129.04310352,35.12713407,127,63,list(c(128.583651633018, 128.583651633018, 128.784113177399, 128.784113177399, 128.583651633018, 35.3693801835162, 35.5698417278972, 35.5698417278972, 35.3693801835162, 35.3693801835162))
"214","128.88434394959_35.4696109557067",128.88434394959,35.4696109557067,"129.04252469_35.16372189","26230","Busanjin-gu","부산진구",129.04252469,35.16372189,128,64,list(c(128.784113177399, 128.784113177399, 128.98457472178, 128.98457472178, 128.784113177399, 35.3693801835162, 35.5698417278972, 35.5698417278972, 35.3693801835162, 35.3693801835162))
"227","129.084805493971_35.4696109557067",129.084805493971,35.4696109557067,"129.08085399_35.20326024","26260","Dongnae-gu","동래구",129.08085399,35.20326024,129,65,list(c(128.98457472178, 128.98457472178, 129.185036266161, 129.185036266161, 128.98457472178, 35.3693801835162, 35.5698417278972, 35.5698417278972, 35.3693801835162, 35.3693801835162))
"238","129.285267038352_35.4696109557067",129.285267038352,35.4696109557067,"129.20198621_35.30166447","26710","Gijang-gun","기장군",129.20198621,35.30166447,139,66,list(c(129.185036266161, 129.185036266161, 129.385497810542, 129.385497810542, 129.185036266161, 35.3693801835162, 35.5698417278972, 35.5698417278972, 35.3693801835162, 35.3693801835162))
"28","126.679266961399_35.6700725000877",126.679266961399,35.6700725000877,"126.74437368_35.95362669","45130","Gunsan-si","군산시",126.74437368,35.95362669,205,67,list(c(126.579036189209, 126.579036189209, 126.77949773359, 126.77949773359, 126.579036189209, 35.5698417278972, 35.7703032722782, 35.7703032722782, 35.5698417278972, 35.5698417278972))
"44","126.87972850578_35.6700725000877",126.87972850578,35.6700725000877,"126.8934353_35.80625264","45210","Gimje-si","김제시",126.8934353,35.80625264,209,68,list(c(126.77949773359, 126.77949773359, 126.979959277971, 126.979959277971, 126.77949773359, 35.5698417278972, 35.7703032722782, 35.7703032722782, 35.5698417278972, 35.5698417278972))
"61","127.080190050161_35.6700725000877",127.080190050161,35.6700725000877,"127.12032641_35.79125246","45111","Wansan-gu, Jeonju-si","전주시완산구",127.12032641,35.79125246,203,69,list(c(126.979959277971, 126.979959277971, 127.180420822351, 127.180420822351, 126.979959277971, 35.5698417278972, 35.7703032722782, 35.7703032722782, 35.5698417278972, 35.5698417278972))
"79","127.280651594542_35.6700725000877",127.280651594542,35.6700725000877,"127.11295995_35.85836612","45113","Deokjin-gu, Jeonju-si","전주시덕진구",127.11295995,35.85836612,204,70,list(c(127.180420822351, 127.180420822351, 127.380882366732, 127.380882366732, 127.180420822351, 35.5698417278972, 35.7703032722782, 35.7703032722782, 35.5698417278972, 35.5698417278972))
"98","127.481113138923_35.6700725000877",127.481113138923,35.6700725000877,"127.43038917_35.82837666","45720","Jinan-gun","진안군",127.43038917,35.82837666,211,71,list(c(127.380882366732, 127.380882366732, 127.581343911113, 127.581343911113, 127.380882366732, 35.5698417278972, 35.7703032722782, 35.7703032722782, 35.5698417278972, 35.5698417278972))
"115","127.681574683304_35.6700725000877",127.681574683304,35.6700725000877,"127.47742758_36.11949795","44710","Geumsan-gun","금산군",127.47742758,36.11949795,229,72,list(c(127.581343911113, 127.581343911113, 127.781805455494, 127.781805455494, 127.581343911113, 35.5698417278972, 35.7703032722782, 35.7703032722782, 35.5698417278972, 35.5698417278972))
"133","127.882036227685_35.6700725000877",127.882036227685,35.6700725000877,"127.90449109_35.73283281","48880","Geochang-gun","거창군",127.90449109,35.73283281,81,73,list(c(127.781805455494, 127.781805455494, 127.982266999875, 127.982266999875, 127.781805455494, 35.5698417278972, 35.7703032722782, 35.7703032722782, 35.5698417278972, 35.5698417278972))
"150","128.082497772066_35.6700725000877",128.082497772066,35.6700725000877,"128.14220358_35.57620864","48890","Hapcheon-gun","합천군",128.14220358,35.57620864,82,74,list(c(127.982266999875, 127.982266999875, 128.182728544256, 128.182728544256, 127.982266999875, 35.5698417278972, 35.7703032722782, 35.7703032722782, 35.5698417278972, 35.5698417278972))
"167","128.282959316447_35.6700725000877",128.282959316447,35.6700725000877,"128.49292935_35.50921745","48740","Changnyeong-gun","창녕군",128.49292935,35.50921745,75,75,list(c(128.182728544256, 128.182728544256, 128.383190088637, 128.383190088637, 128.182728544256, 35.5698417278972, 35.7703032722782, 35.7703032722782, 35.5698417278972, 35.5698417278972))
"184","128.483420860828_35.6700725000877",128.483420860828,35.6700725000877,"128.78731969_35.49826761","48270","Miryang-si","밀양시",128.78731969,35.49826761,70,76,list(c(128.383190088637, 128.383190088637, 128.583651633018, 128.583651633018, 128.383190088637, 35.5698417278972, 35.7703032722782, 35.7703032722782, 35.5698417278972, 35.5698417278972))
"201","128.683882405209_35.6700725000877",128.683882405209,35.6700725000877,"128.78579348_35.67324707","47820","Cheongdo-gun","청도군",128.78579348,35.67324707,99,77,list(c(128.583651633018, 128.583651633018, 128.784113177399, 128.784113177399, 128.583651633018, 35.5698417278972, 35.7703032722782, 35.7703032722782, 35.5698417278972, 35.5698417278972))
"215","128.88434394959_35.6700725000877",128.88434394959,35.6700725000877,"129.02626096_35.23125288","26320","Buk-gu","북구",129.02626096,35.23125288,131,78,list(c(128.784113177399, 128.784113177399, 128.98457472178, 128.98457472178, 128.784113177399, 35.5698417278972, 35.7703032722782, 35.7703032722782, 35.5698417278972, 35.5698417278972))
"228","129.084805493971_35.6700725000877",129.084805493971,35.6700725000877,"129.09065054_35.12836836","26290","Nam-gu","남구",129.09065054,35.12836836,130,79,list(c(128.98457472178, 128.98457472178, 129.185036266161, 129.185036266161, 128.98457472178, 35.5698417278972, 35.7703032722782, 35.7703032722782, 35.5698417278972, 35.5698417278972))
"239","129.285267038352_35.6700725000877",129.285267038352,35.6700725000877,"129.30652811_35.57312916","31110","Jung-gu","중구",129.30652811,35.57312916,166,80,list(c(129.185036266161, 129.185036266161, 129.385497810542, 129.385497810542, 129.185036266161, 35.5698417278972, 35.7703032722782, 35.7703032722782, 35.5698417278972, 35.5698417278972))
"29","126.679266961399_35.8705340444687",126.679266961399,35.8705340444687,"126.70587753_36.10867012","44770","Seocheon-gun","서천군",126.70587753,36.10867012,231,81,list(c(126.579036189209, 126.579036189209, 126.77949773359, 126.77949773359, 126.579036189209, 35.7703032722782, 35.9707648166591, 35.9707648166591, 35.7703032722782, 35.7703032722782))
"45","126.87972850578_35.8705340444687",126.87972850578,35.8705340444687,"126.78316763_36.67121359","44810","Yesan-gun","예산군",126.78316763,36.67121359,234,82,list(c(126.77949773359, 126.77949773359, 126.979959277971, 126.979959277971, 126.77949773359, 35.7703032722782, 35.9707648166591, 35.9707648166591, 35.7703032722782, 35.7703032722782))
"62","127.080190050161_35.8705340444687",127.080190050161,35.8705340444687,"126.98932369_36.02213913","45140","Iksan-si","익산시",126.98932369,36.02213913,206,83,list(c(126.979959277971, 126.979959277971, 127.180420822351, 127.180420822351, 126.979959277971, 35.7703032722782, 35.9707648166591, 35.9707648166591, 35.7703032722782, 35.7703032722782))
"80","127.280651594542_35.8705340444687",127.280651594542,35.8705340444687,"127.21587931_35.91961626","45710","Wanju-gun","완주군",127.21587931,35.91961626,210,84,list(c(127.180420822351, 127.180420822351, 127.380882366732, 127.380882366732, 127.180420822351, 35.7703032722782, 35.9707648166591, 35.9707648166591, 35.7703032722782, 35.7703032722782))
"99","127.481113138923_35.8705340444687",127.481113138923,35.8705340444687,"127.34648592_36.28051795","30170","Seo-gu","서구",127.34648592,36.28051795,122,85,list(c(127.380882366732, 127.380882366732, 127.581343911113, 127.581343911113, 127.380882366732, 35.7703032722782, 35.9707648166591, 35.9707648166591, 35.7703032722782, 35.7703032722782))
"116","127.681574683304_35.8705340444687",127.681574683304,35.8705340444687,"127.71292481_35.93985637","45730","Muju-gun","무주군",127.71292481,35.93985637,212,86,list(c(127.581343911113, 127.581343911113, 127.781805455494, 127.781805455494, 127.581343911113, 35.7703032722782, 35.9707648166591, 35.9707648166591, 35.7703032722782, 35.7703032722782))
"134","127.882036227685_35.8705340444687",127.882036227685,35.8705340444687,"128.30416576_35.73536994","47830","Goryeong-gun","고령군",128.30416576,35.73536994,100,87,list(c(127.781805455494, 127.781805455494, 127.982266999875, 127.982266999875, 127.781805455494, 35.7703032722782, 35.9707648166591, 35.9707648166591, 35.7703032722782, 35.7703032722782))
"151","128.082497772066_35.8705340444687",128.082497772066,35.8705340444687,"128.23191761_35.90824796","47840","Seongju-gun","성주군",128.23191761,35.90824796,101,88,list(c(127.982266999875, 127.982266999875, 128.182728544256, 128.182728544256, 127.982266999875, 35.7703032722782, 35.9707648166591, 35.9707648166591, 35.7703032722782, 35.7703032722782))
"168","128.282959316447_35.8705340444687",128.282959316447,35.8705340444687,"128.49747539_35.75986859","27710","Dalseong-gun","달성군",128.49747539,35.75986859,119,89,list(c(128.182728544256, 128.182728544256, 128.383190088637, 128.383190088637, 128.182728544256, 35.7703032722782, 35.9707648166591, 35.9707648166591, 35.7703032722782, 35.7703032722782))
"185","128.483420860828_35.8705340444687",128.483420860828,35.8705340444687,"128.52891149_35.82716725","27290","Dalseo-gu","달서구",128.52891149,35.82716725,118,90,list(c(128.383190088637, 128.383190088637, 128.583651633018, 128.583651633018, 128.383190088637, 35.7703032722782, 35.9707648166591, 35.9707648166591, 35.7703032722782, 35.7703032722782))
"202","128.683882405209_35.8705340444687",128.683882405209,35.8705340444687,"128.65949009_35.83345032","27260","Suseong-gu","수성구",128.65949009,35.83345032,117,91,list(c(128.583651633018, 128.583651633018, 128.784113177399, 128.784113177399, 128.583651633018, 35.7703032722782, 35.9707648166591, 35.9707648166591, 35.7703032722782, 35.7703032722782))
"216","128.88434394959_35.8705340444687",128.88434394959,35.8705340444687,"129.04040629_35.40214091","48330","Yangsan-si","양산시",129.04040629,35.40214091,72,92,list(c(128.784113177399, 128.784113177399, 128.98457472178, 128.98457472178, 128.784113177399, 35.7703032722782, 35.9707648166591, 35.9707648166591, 35.7703032722782, 35.7703032722782))
"229","129.084805493971_35.8705340444687",129.084805493971,35.8705340444687,"129.09325162_35.25952418","26410","Geumjeong-gu","금정구",129.09325162,35.25952418,134,93,list(c(128.98457472178, 128.98457472178, 129.185036266161, 129.185036266161, 128.98457472178, 35.7703032722782, 35.9707648166591, 35.9707648166591, 35.7703032722782, 35.7703032722782))
"240","129.285267038352_35.8705340444687",129.285267038352,35.8705340444687,"129.33123505_35.51703202","31140","Nam-gu","남구",129.33123505,35.51703202,167,94,list(c(129.185036266161, 129.185036266161, 129.385497810542, 129.385497810542, 129.185036266161, 35.7703032722782, 35.9707648166591, 35.9707648166591, 35.7703032722782, 35.7703032722782))
"248","129.485728582733_35.8705340444687",129.485728582733,35.8705340444687,"129.42430068_35.52236105","31170","Dong-gu","동구",129.42430068,35.52236105,168,95,list(c(129.385497810542, 129.385497810542, 129.585959354923, 129.585959354923, 129.385497810542, 35.7703032722782, 35.9707648166591, 35.9707648166591, 35.7703032722782, 35.7703032722782))
"30","126.679266961399_36.0709955888496",126.679266961399,36.0709955888496,"126.62416591_36.5697736","44800","Hongseong-gun","홍성군",126.62416591,36.5697736,233,96,list(c(126.579036189209, 126.579036189209, 126.77949773359, 126.77949773359, 126.579036189209, 35.9707648166591, 36.1712263610401, 36.1712263610401, 35.9707648166591, 35.9707648166591))
"46","126.87972850578_36.0709955888496",126.87972850578,36.0709955888496,"126.85872074_36.24485989","44760","Buyeo-gun","부여군",126.85872074,36.24485989,230,97,list(c(126.77949773359, 126.77949773359, 126.979959277971, 126.979959277971, 126.77949773359, 35.9707648166591, 36.1712263610401, 36.1712263610401, 35.9707648166591, 35.9707648166591))
"63","127.080190050161_36.0709955888496",127.080190050161,36.0709955888496,"127.15959201_36.19161508","44230","Nonsan-si","논산시",127.15959201,36.19161508,226,98,list(c(126.979959277971, 126.979959277971, 127.180420822351, 127.180420822351, 126.979959277971, 35.9707648166591, 36.1712263610401, 36.1712263610401, 35.9707648166591, 35.9707648166591))
"81","127.280651594542_36.0709955888496",127.280651594542,36.0709955888496,"127.23409745_36.29639734","44250","Gyeryong-si","계룡시",127.23409745,36.29639734,227,99,list(c(127.180420822351, 127.180420822351, 127.380882366732, 127.380882366732, 127.180420822351, 35.9707648166591, 36.1712263610401, 36.1712263610401, 35.9707648166591, 35.9707648166591))
"100","127.481113138923_36.0709955888496",127.481113138923,36.0709955888496,"127.41056346_36.28165556","30140","Jung-gu","중구",127.41056346,36.28165556,121,100,list(c(127.380882366732, 127.380882366732, 127.581343911113, 127.581343911113, 127.380882366732, 35.9707648166591, 36.1712263610401, 36.1712263610401, 35.9707648166591, 35.9707648166591))
"117","127.681574683304_36.0709955888496",127.681574683304,36.0709955888496,"127.44209281_36.4166364","30230","Daedeok-gu","대덕구",127.44209281,36.4166364,124,101,list(c(127.581343911113, 127.581343911113, 127.781805455494, 127.781805455494, 127.581343911113, 35.9707648166591, 36.1712263610401, 36.1712263610401, 35.9707648166591, 35.9707648166591))
"135","127.882036227685_36.0709955888496",127.882036227685,36.0709955888496,"127.81014273_36.15921352","43740","Yeongdong-gun","영동군",127.81014273,36.15921352,244,102,list(c(127.781805455494, 127.781805455494, 127.982266999875, 127.982266999875, 127.781805455494, 35.9707648166591, 36.1712263610401, 36.1712263610401, 35.9707648166591, 35.9707648166591))
"152","128.082497772066_36.0709955888496",128.082497772066,36.0709955888496,"128.0789526_36.06416818","47150","Gimcheon-si","김천시",128.0789526,36.06416818,86,103,list(c(127.982266999875, 127.982266999875, 128.182728544256, 128.182728544256, 127.982266999875, 35.9707648166591, 36.1712263610401, 36.1712263610401, 35.9707648166591, 35.9707648166591))
"169","128.282959316447_36.0709955888496",128.282959316447,36.0709955888496,"128.54870812_35.8718449","27170","Seo-gu","서구",128.54870812,35.8718449,114,104,list(c(128.182728544256, 128.182728544256, 128.383190088637, 128.383190088637, 128.182728544256, 35.9707648166591, 36.1712263610401, 36.1712263610401, 35.9707648166591, 35.9707648166591))
"186","128.483420860828_36.0709955888496",128.483420860828,36.0709955888496,"128.4613013_36.01568139","47850","Chilgok-gun","칠곡군",128.4613013,36.01568139,102,105,list(c(128.383190088637, 128.383190088637, 128.583651633018, 128.583651633018, 128.383190088637, 35.9707648166591, 36.1712263610401, 36.1712263610401, 35.9707648166591, 35.9707648166591))
"203","128.683882405209_36.0709955888496",128.683882405209,36.0709955888496,"128.59443763_35.86701491","27110","Jung-gu","중구",128.59443763,35.86701491,112,106,list(c(128.583651633018, 128.583651633018, 128.784113177399, 128.784113177399, 128.583651633018, 35.9707648166591, 36.1712263610401, 36.1712263610401, 35.9707648166591, 35.9707648166591))
"217","128.88434394959_36.0709955888496",128.88434394959,36.0709955888496,"128.80974391_35.8356935","47290","Gyeongsan-si","경산시",128.80974391,35.8356935,93,107,list(c(128.784113177399, 128.784113177399, 128.98457472178, 128.98457472178, 128.784113177399, 35.9707648166591, 36.1712263610401, 36.1712263610401, 35.9707648166591, 35.9707648166591))
"230","129.084805493971_36.0709955888496",129.084805493971,36.0709955888496,"129.1118272_35.16127648","26500","Suyeong-gu","수영구",129.1118272,35.16127648,137,108,list(c(128.98457472178, 128.98457472178, 129.185036266161, 129.185036266161, 128.98457472178, 35.9707648166591, 36.1712263610401, 36.1712263610401, 35.9707648166591, 35.9707648166591))
"241","129.285267038352_36.0709955888496",129.285267038352,36.0709955888496,"129.23476873_35.82851021","47130","Gyeongju-si","경주시",129.23476873,35.82851021,85,109,list(c(129.185036266161, 129.185036266161, 129.385497810542, 129.385497810542, 129.185036266161, 35.9707648166591, 36.1712263610401, 36.1712263610401, 35.9707648166591, 35.9707648166591))
"31","126.679266961399_36.2714571332306",126.679266961399,36.2714571332306,"126.65288268_36.90342856","44270","Dangjin-si","당진시",126.65288268,36.90342856,228,110,list(c(126.579036189209, 126.579036189209, 126.77949773359, 126.77949773359, 126.579036189209, 36.1712263610401, 36.3716879054211, 36.3716879054211, 36.1712263610401, 36.1712263610401))
"47","126.87972850578_36.2714571332306",126.87972850578,36.2714571332306,"126.8504358_36.429945","44790","Cheongyang-gun","청양군",126.8504358,36.429945,232,111,list(c(126.77949773359, 126.77949773359, 126.979959277971, 126.979959277971, 126.77949773359, 36.1712263610401, 36.3716879054211, 36.3716879054211, 36.1712263610401, 36.1712263610401))
"64","127.080190050161_36.2714571332306",127.080190050161,36.2714571332306,"126.97807816_36.80798059","44200","Asan-si","아산시",126.97807816,36.80798059,224,112,list(c(126.979959277971, 126.979959277971, 127.180420822351, 127.180420822351, 126.979959277971, 36.1712263610401, 36.3716879054211, 36.3716879054211, 36.1712263610401, 36.1712263610401))
"82","127.280651594542_36.2714571332306",127.280651594542,36.2714571332306,"127.33622287_36.37968678","30200","Yuseong-gu","유성구",127.33622287,36.37968678,123,113,list(c(127.180420822351, 127.180420822351, 127.380882366732, 127.380882366732, 127.180420822351, 36.1712263610401, 36.3716879054211, 36.3716879054211, 36.1712263610401, 36.1712263610401))
"101","127.481113138923_36.2714571332306",127.481113138923,36.2714571332306,"127.47461592_36.32710112","30110","Dong-gu","동구",127.47461592,36.32710112,120,114,list(c(127.380882366732, 127.380882366732, 127.581343911113, 127.581343911113, 127.380882366732, 36.1712263610401, 36.3716879054211, 36.3716879054211, 36.1712263610401, 36.1712263610401))
"118","127.681574683304_36.2714571332306",127.681574683304,36.2714571332306,"127.65751362_36.32018551","43730","Okcheon-gun","옥천군",127.65751362,36.32018551,243,115,list(c(127.581343911113, 127.581343911113, 127.781805455494, 127.781805455494, 127.581343911113, 36.1712263610401, 36.3716879054211, 36.3716879054211, 36.1712263610401, 36.1712263610401))
"136","127.882036227685_36.2714571332306",127.882036227685,36.2714571332306,"127.36945306_36.64728719","43113","Heungdeok-gu, Cheongju-si","청주시 흥덕구",127.36945306,36.64728719,238,116,list(c(127.781805455494, 127.781805455494, 127.982266999875, 127.982266999875, 127.781805455494, 36.1712263610401, 36.3716879054211, 36.3716879054211, 36.1712263610401, 36.1712263610401))
"153","128.082497772066_36.2714571332306",128.082497772066,36.2714571332306,"127.72625168_36.48943539","43720","Boeun-gun","보은군",127.72625168,36.48943539,242,117,list(c(127.982266999875, 127.982266999875, 128.182728544256, 128.182728544256, 127.982266999875, 36.1712263610401, 36.3716879054211, 36.3716879054211, 36.1712263610401, 36.1712263610401))
"170","128.282959316447_36.2714571332306",128.282959316447,36.2714571332306,"128.35855282_36.20789418","47190","Gumi-si","구미시",128.35855282,36.20789418,88,118,list(c(128.182728544256, 128.182728544256, 128.383190088637, 128.383190088637, 128.182728544256, 36.1712263610401, 36.3716879054211, 36.3716879054211, 36.1712263610401, 36.1712263610401))
"187","128.483420860828_36.2714571332306",128.483420860828,36.2714571332306,"128.58307691_35.83720135","27200","Nam-gu","남구",128.58307691,35.83720135,115,119,list(c(128.383190088637, 128.383190088637, 128.583651633018, 128.583651633018, 128.383190088637, 36.1712263610401, 36.3716879054211, 36.3716879054211, 36.1712263610401, 36.1712263610401))
"204","128.683882405209_36.2714571332306",128.683882405209,36.2714571332306,"128.64779005_36.17008046","47720","Gunwi-gun","군위군",128.64779005,36.17008046,94,120,list(c(128.583651633018, 128.583651633018, 128.784113177399, 128.784113177399, 128.583651633018, 36.1712263610401, 36.3716879054211, 36.3716879054211, 36.1712263610401, 36.1712263610401))
"218","128.88434394959_36.2714571332306",128.88434394959,36.2714571332306,"128.9403708_36.01607277","47230","Yeongcheon-si","영천시",128.9403708,36.01607277,90,121,list(c(128.784113177399, 128.784113177399, 128.98457472178, 128.98457472178, 128.784113177399, 36.1712263610401, 36.3716879054211, 36.3716879054211, 36.1712263610401, 36.1712263610401))
"231","129.084805493971_36.2714571332306",129.084805493971,36.2714571332306,"129.15491748_35.19619589","26350","Haeundae-gu","해운대구",129.15491748,35.19619589,132,122,list(c(128.98457472178, 128.98457472178, 129.185036266161, 129.185036266161, 128.98457472178, 36.1712263610401, 36.3716879054211, 36.3716879054211, 36.1712263610401, 36.1712263610401))
"242","129.285267038352_36.2714571332306",129.285267038352,36.2714571332306,"129.3796325_35.61007504","31200","Buk-gu","북구",129.3796325,35.61007504,169,123,list(c(129.185036266161, 129.185036266161, 129.385497810542, 129.385497810542, 129.185036266161, 36.1712263610401, 36.3716879054211, 36.3716879054211, 36.1712263610401, 36.1712263610401))
"32","126.679266961399_36.4719186776116",126.679266961399,36.4719186776116,"126.72611322_37.43143989","28200","Namdong-gu","남동구",126.72611322,37.43143989,175,124,list(c(126.579036189209, 126.579036189209, 126.77949773359, 126.77949773359, 126.579036189209, 36.3716879054211, 36.5721494498021, 36.5721494498021, 36.3716879054211, 36.3716879054211))
"48","126.87972850578_36.4719186776116",126.87972850578,36.4719186776116,"126.78719964_37.38900482","41390","Siheung-si","시흥시",126.78719964,37.38900482,42,125,list(c(126.77949773359, 126.77949773359, 126.979959277971, 126.979959277971, 126.77949773359, 36.3716879054211, 36.5721494498021, 36.5721494498021, 36.3716879054211, 36.3716879054211))
"65","127.080190050161_36.4719186776116",127.080190050161,36.4719186776116,"127.07526448_36.480131","44150","Gongju-si","공주시",127.07526448,36.480131,222,126,list(c(126.979959277971, 126.979959277971, 127.180420822351, 127.180420822351, 126.979959277971, 36.3716879054211, 36.5721494498021, 36.5721494498021, 36.3716879054211, 36.3716879054211))
"83","127.280651594542_36.4719186776116",127.280651594542,36.4719186776116,"127.26028593_36.5595662","36110","Sejong-si","세종특별자치시",127.26028593,36.5595662,165,127,list(c(127.180420822351, 127.180420822351, 127.380882366732, 127.380882366732, 127.180420822351, 36.3716879054211, 36.5721494498021, 36.5721494498021, 36.3716879054211, 36.3716879054211))
"102","127.481113138923_36.4719186776116",127.481113138923,36.4719186776116,"127.43982232_36.54712693","43112","Seowon-gu, Cheongju-si","청주시 서원구",127.43982232,36.54712693,237,128,list(c(127.380882366732, 127.380882366732, 127.581343911113, 127.581343911113, 127.380882366732, 36.3716879054211, 36.5721494498021, 36.5721494498021, 36.3716879054211, 36.3716879054211))
"119","127.681574683304_36.4719186776116",127.681574683304,36.4719186776116,"127.58668444_36.59457486","43111","Sangdang-gu, Cheongju-si","청주시 상당구",127.58668444,36.59457486,236,129,list(c(127.581343911113, 127.581343911113, 127.781805455494, 127.781805455494, 127.581343911113, 36.3716879054211, 36.5721494498021, 36.5721494498021, 36.3716879054211, 36.3716879054211))
"137","127.882036227685_36.4719186776116",127.882036227685,36.4719186776116,"127.4915212_36.72106599","43114","Cheongwon-gu, Cheongju-si","청주시 청원구",127.4915212,36.72106599,239,130,list(c(127.781805455494, 127.781805455494, 127.982266999875, 127.982266999875, 127.781805455494, 36.3716879054211, 36.5721494498021, 36.5721494498021, 36.3716879054211, 36.3716879054211))
"154","128.082497772066_36.4719186776116",128.082497772066,36.4719186776116,"128.06629964_36.42998993","47250","Sangju-si","상주시",128.06629964,36.42998993,91,131,list(c(127.982266999875, 127.982266999875, 128.182728544256, 128.182728544256, 127.982266999875, 36.3716879054211, 36.5721494498021, 36.5721494498021, 36.3716879054211, 36.3716879054211))
"171","128.282959316447_36.4719186776116",128.282959316447,36.4719186776116,"127.82757825_36.76657974","43760","Goesan-gun","괴산군",127.82757825,36.76657974,247,132,list(c(128.182728544256, 128.182728544256, 128.383190088637, 128.383190088637, 128.182728544256, 36.3716879054211, 36.5721494498021, 36.5721494498021, 36.3716879054211, 36.3716879054211))
"188","128.483420860828_36.4719186776116",128.483420860828,36.4719186776116,"128.57561695_35.92714288","27230","Buk-gu","북구",128.57561695,35.92714288,116,133,list(c(128.383190088637, 128.383190088637, 128.583651633018, 128.583651633018, 128.383190088637, 36.3716879054211, 36.5721494498021, 36.5721494498021, 36.3716879054211, 36.3716879054211))
"205","128.683882405209_36.4719186776116",128.683882405209,36.4719186776116,"128.61883529_36.36143282","47730","Uiseong-gun","의성군",128.61883529,36.36143282,95,134,list(c(128.583651633018, 128.583651633018, 128.784113177399, 128.784113177399, 128.583651633018, 36.3716879054211, 36.5721494498021, 36.5721494498021, 36.3716879054211, 36.3716879054211))
"219","128.88434394959_36.4719186776116",128.88434394959,36.4719186776116,"128.68615441_35.93477332","27140","Dong-gu","동구",128.68615441,35.93477332,113,135,list(c(128.784113177399, 128.784113177399, 128.98457472178, 128.98457472178, 128.784113177399, 36.3716879054211, 36.5721494498021, 36.5721494498021, 36.3716879054211, 36.3716879054211))
"232","129.084805493971_36.4719186776116",129.084805493971,36.4719186776116,"129.18298519_35.5487394","31710","Ulju-gun","울주군",129.18298519,35.5487394,170,136,list(c(128.98457472178, 128.98457472178, 129.185036266161, 129.185036266161, 128.98457472178, 36.3716879054211, 36.5721494498021, 36.5721494498021, 36.3716879054211, 36.3716879054211))
"243","129.285267038352_36.4719186776116",129.285267038352,36.4719186776116,"129.23423053_36.16516339","47113","Buk-gu, Pohang-si","포항시 북구",129.23423053,36.16516339,84,137,list(c(129.185036266161, 129.185036266161, 129.385497810542, 129.385497810542, 129.185036266161, 36.3716879054211, 36.5721494498021, 36.5721494498021, 36.3716879054211, 36.3716879054211))
"8","126.278343872637_36.6723802219926",126.278343872637,36.6723802219926,"126.28432478_36.69989622","44825","Taean-gun","태안군",126.28432478,36.69989622,235,138,list(c(126.178113100447, 126.178113100447, 126.378574644828, 126.378574644828, 126.178113100447, 36.5721494498021, 36.7726109941831, 36.7726109941831, 36.5721494498021, 36.5721494498021))
"17","126.478805417018_36.6723802219926",126.478805417018,36.6723802219926,"126.46535098_36.78101306","44210","Seosan-si","서산시",126.46535098,36.78101306,225,139,list(c(126.378574644828, 126.378574644828, 126.579036189209, 126.579036189209, 126.378574644828, 36.5721494498021, 36.7726109941831, 36.7726109941831, 36.5721494498021, 36.5721494498021))
"33","126.679266961399_36.6723802219926",126.679266961399,36.6723802219926,"126.7125297_37.29045298","41273","Danwon-gu, Ansan-si","안산시단원구",126.7125297,37.29045298,34,140,list(c(126.579036189209, 126.579036189209, 126.77949773359, 126.77949773359, 126.579036189209, 36.5721494498021, 36.7726109941831, 36.7726109941831, 36.5721494498021, 36.5721494498021))
"49","126.87972850578_36.6723802219926",126.87972850578,36.6723802219926,"126.79046498_37.50522462","41190","Bucheon-si","부천시",126.79046498,37.50522462,29,141,list(c(126.77949773359, 126.77949773359, 126.979959277971, 126.979959277971, 126.77949773359, 36.5721494498021, 36.7726109941831, 36.7726109941831, 36.5721494498021, 36.5721494498021))
"66","127.080190050161_36.6723802219926",127.080190050161,36.6723802219926,"126.98700018_37.01068237","41220","Pyeongtaek-si","평택시",126.98700018,37.01068237,31,142,list(c(126.979959277971, 126.979959277971, 127.180420822351, 127.180420822351, 126.979959277971, 36.5721494498021, 36.7726109941831, 36.7726109941831, 36.5721494498021, 36.5721494498021))
"84","127.280651594542_36.6723802219926",127.280651594542,36.6723802219926,"127.22106351_36.76285673","44131","Dongnam-gu, Cheonan-si","천안시동남구",127.22106351,36.76285673,220,143,list(c(127.180420822351, 127.180420822351, 127.380882366732, 127.380882366732, 127.180420822351, 36.5721494498021, 36.7726109941831, 36.7726109941831, 36.5721494498021, 36.5721494498021))
"103","127.481113138923_36.6723802219926",127.481113138923,36.6723802219926,"127.15991122_36.89133588","44133","Seobuk-gu, Cheonan-si","천안시서북구",127.15991122,36.89133588,221,144,list(c(127.380882366732, 127.380882366732, 127.581343911113, 127.581343911113, 127.380882366732, 36.5721494498021, 36.7726109941831, 36.7726109941831, 36.5721494498021, 36.5721494498021))
"120","127.681574683304_36.6723802219926",127.681574683304,36.6723802219926,"127.44356749_36.86943906","43750","Jincheon-gun","진천군",127.44356749,36.86943906,246,145,list(c(127.581343911113, 127.581343911113, 127.781805455494, 127.781805455494, 127.581343911113, 36.5721494498021, 36.7726109941831, 36.7726109941831, 36.5721494498021, 36.5721494498021))
"138","127.882036227685_36.6723802219926",127.882036227685,36.6723802219926,"127.60564012_36.78559017","43745","Jeungpyeong-gun","증평군",127.60564012,36.78559017,245,146,list(c(127.781805455494, 127.781805455494, 127.982266999875, 127.982266999875, 127.781805455494, 36.5721494498021, 36.7726109941831, 36.7726109941831, 36.5721494498021, 36.5721494498021))
"155","128.082497772066_36.6723802219926",128.082497772066,36.6723802219926,"127.61566648_36.97438579","43770","Eumseong-gun","음성군",127.61566648,36.97438579,248,147,list(c(127.982266999875, 127.982266999875, 128.182728544256, 128.182728544256, 127.982266999875, 36.5721494498021, 36.7726109941831, 36.7726109941831, 36.5721494498021, 36.5721494498021))
"172","128.282959316447_36.6723802219926",128.282959316447,36.6723802219926,"128.15086676_36.6911484","47280","Mungyeong-si","문경시",128.15086676,36.6911484,92,148,list(c(128.182728544256, 128.182728544256, 128.383190088637, 128.383190088637, 128.182728544256, 36.5721494498021, 36.7726109941831, 36.7726109941831, 36.5721494498021, 36.5721494498021))
"189","128.483420860828_36.6723802219926",128.483420860828,36.6723802219926,"128.42254745_36.65107557","47900","Yecheon-gun","예천군",128.42254745,36.65107557,103,149,list(c(128.383190088637, 128.383190088637, 128.583651633018, 128.583651633018, 128.383190088637, 36.5721494498021, 36.7726109941831, 36.7726109941831, 36.5721494498021, 36.5721494498021))
"206","128.683882405209_36.6723802219926",128.683882405209,36.6723802219926,"126.91172927_37.40388516","41171","Manan-gu, Anyang-si","안양시만안구",126.91172927,37.40388516,27,150,list(c(128.583651633018, 128.583651633018, 128.784113177399, 128.784113177399, 128.583651633018, 36.5721494498021, 36.7726109941831, 36.7726109941831, 36.5721494498021, 36.5721494498021))
"220","128.88434394959_36.6723802219926",128.88434394959,36.6723802219926,"128.78190104_36.58117836","47170","Andong-si","안동시",128.78190104,36.58117836,87,151,list(c(128.784113177399, 128.784113177399, 128.98457472178, 128.98457472178, 128.784113177399, 36.5721494498021, 36.7726109941831, 36.7726109941831, 36.5721494498021, 36.5721494498021))
"233","129.084805493971_36.6723802219926",129.084805493971,36.6723802219926,"129.05714174_36.35704601","47750","Cheongsong-gun","청송군",129.05714174,36.35704601,96,152,list(c(128.98457472178, 128.98457472178, 129.185036266161, 129.185036266161, 128.98457472178, 36.5721494498021, 36.7726109941831, 36.7726109941831, 36.5721494498021, 36.5721494498021))
"244","129.285267038352_36.6723802219926",129.285267038352,36.6723802219926,"129.31792841_36.48181338","47770","Yeongdeok-gun","영덕군",129.31792841,36.48181338,98,153,list(c(129.185036266161, 129.185036266161, 129.385497810542, 129.385497810542, 129.185036266161, 36.5721494498021, 36.7726109941831, 36.7726109941831, 36.5721494498021, 36.5721494498021))
"9","126.278343872637_36.8728417663736",126.278343872637,36.8728417663736,"126.64377579_37.48170977","28140","Dong-gu","동구",126.64377579,37.48170977,172,154,list(c(126.178113100447, 126.178113100447, 126.378574644828, 126.378574644828, 126.178113100447, 36.7726109941831, 36.9730725385641, 36.9730725385641, 36.7726109941831, 36.7726109941831))
"18","126.478805417018_36.8728417663736",126.478805417018,36.8728417663736,"126.64993493_37.4009922","28185","Yeonsu-gu","연수구",126.64993493,37.4009922,174,155,list(c(126.378574644828, 126.378574644828, 126.579036189209, 126.579036189209, 126.378574644828, 36.7726109941831, 36.9730725385641, 36.9730725385641, 36.7726109941831, 36.7726109941831))
"34","126.679266961399_36.8728417663736",126.679266961399,36.8728417663736,"126.72081887_37.49763359","28237","Bupyeong-gu","부평구",126.72081887,37.49763359,176,156,list(c(126.579036189209, 126.579036189209, 126.77949773359, 126.77949773359, 126.579036189209, 36.7726109941831, 36.9730725385641, 36.9730725385641, 36.7726109941831, 36.7726109941831))
"50","126.87972850578_36.8728417663736",126.87972850578,36.8728417663736,"126.87339686_37.16482957","41590","Hwaseong-si","화성시",126.87339686,37.16482957,53,157,list(c(126.77949773359, 126.77949773359, 126.979959277971, 126.979959277971, 126.77949773359, 36.7726109941831, 36.9730725385641, 36.9730725385641, 36.7726109941831, 36.7726109941831))
"67","127.080190050161_36.8728417663736",127.080190050161,36.8728417663736,"126.92514007_37.34428123","41410","Gunpo-si","군포시",126.92514007,37.34428123,43,158,list(c(126.979959277971, 126.979959277971, 127.180420822351, 127.180420822351, 126.979959277971, 36.7726109941831, 36.9730725385641, 36.9730725385641, 36.7726109941831, 36.7726109941831))
"85","127.280651594542_36.8728417663736",127.280651594542,36.8728417663736,"127.05215305_37.16322523","41370","Osan-si","오산시",127.05215305,37.16322523,41,159,list(c(127.180420822351, 127.180420822351, 127.380882366732, 127.380882366732, 127.180420822351, 36.7726109941831, 36.9730725385641, 36.9730725385641, 36.7726109941831, 36.7726109941831))
"104","127.481113138923_36.8728417663736",127.481113138923,36.8728417663736,"127.30246927_37.03389189","41550","Anseong-si","안성시",127.30246927,37.03389189,51,160,list(c(127.380882366732, 127.380882366732, 127.581343911113, 127.581343911113, 127.380882366732, 36.7726109941831, 36.9730725385641, 36.9730725385641, 36.7726109941831, 36.7726109941831))
"121","127.681574683304_36.8728417663736",127.681574683304,36.8728417663736,"127.05332285_37.27422253","41117","Yeongtong-gu, Suwon-si","수원시 영통구",127.05332285,37.27422253,22,161,list(c(127.581343911113, 127.581343911113, 127.781805455494, 127.781805455494, 127.581343911113, 36.7726109941831, 36.9730725385641, 36.9730725385641, 36.7726109941831, 36.7726109941831))
"139","127.882036227685_36.8728417663736",127.882036227685,36.8728417663736,"127.24990043_37.20679627","41461","Cheoin-gu, Yongin-si","용인시처인구",127.24990043,37.20679627,46,162,list(c(127.781805455494, 127.781805455494, 127.982266999875, 127.982266999875, 127.781805455494, 36.7726109941831, 36.9730725385641, 36.9730725385641, 36.7726109941831, 36.7726109941831))
"156","128.082497772066_36.8728417663736",128.082497772066,36.8728417663736,"126.99009639_37.36203121","41430","Uiwang-si","의왕시",126.99009639,37.36203121,44,163,list(c(127.982266999875, 127.982266999875, 128.182728544256, 128.182728544256, 127.982266999875, 36.7726109941831, 36.9730725385641, 36.9730725385641, 36.7726109941831, 36.7726109941831))
"173","128.282959316447_36.8728417663736",128.282959316447,36.8728417663736,"127.89434788_37.01297817","43130","Chungju-si","충주시",127.89434788,37.01297817,240,164,list(c(128.182728544256, 128.182728544256, 128.383190088637, 128.383190088637, 128.182728544256, 36.7726109941831, 36.9730725385641, 36.9730725385641, 36.7726109941831, 36.7726109941831))
"190","128.483420860828_36.8728417663736",128.483420860828,36.8728417663736,"128.38871043_36.99500219","43800","Danyang-gun","단양군",128.38871043,36.99500219,249,165,list(c(128.383190088637, 128.383190088637, 128.583651633018, 128.583651633018, 128.383190088637, 36.7726109941831, 36.9730725385641, 36.9730725385641, 36.7726109941831, 36.7726109941831))
"207","128.683882405209_36.8728417663736",128.683882405209,36.8728417663736,"128.59586176_36.87112335","47210","Yeongju-si","영주시",128.59586176,36.87112335,89,166,list(c(128.583651633018, 128.583651633018, 128.784113177399, 128.784113177399, 128.583651633018, 36.7726109941831, 36.9730725385641, 36.9730725385641, 36.7726109941831, 36.7726109941831))
"221","128.88434394959_36.8728417663736",128.88434394959,36.8728417663736,"128.91277878_36.9336942","47920","Bonghwa-gun","봉화군",128.91277878,36.9336942,104,167,list(c(128.784113177399, 128.784113177399, 128.98457472178, 128.98457472178, 128.784113177399, 36.7726109941831, 36.9730725385641, 36.9730725385641, 36.7726109941831, 36.7726109941831))
"234","129.084805493971_36.8728417663736",129.084805493971,36.8728417663736,"129.14341746_36.69495271","47760","Yeongyang-gun","영양군",129.14341746,36.69495271,97,168,list(c(128.98457472178, 128.98457472178, 129.185036266161, 129.185036266161, 128.98457472178, 36.7726109941831, 36.9730725385641, 36.9730725385641, 36.7726109941831, 36.7726109941831))
"245","129.285267038352_36.8728417663736",129.285267038352,36.8728417663736,"129.43683714_35.95635143","47111","Nam-gu, Pohang-si","포항시 남구",129.43683714,35.95635143,83,169,list(c(129.185036266161, 129.185036266161, 129.385497810542, 129.385497810542, 129.185036266161, 36.7726109941831, 36.9730725385641, 36.9730725385641, 36.7726109941831, 36.7726109941831))
"51","126.87972850578_37.0733033107546",126.87972850578,37.0733033107546,"126.86252863_37.4462005","41210","Gwangmyeong-si","광명시",126.86252863,37.4462005,30,170,list(c(126.77949773359, 126.77949773359, 126.979959277971, 126.979959277971, 126.77949773359, 36.9730725385641, 37.1735340829451, 37.1735340829451, 36.9730725385641, 36.9730725385641))
"68","127.080190050161_37.0733033107546",127.080190050161,37.0733033107546,"126.97987708_37.26162812","41113","Gwonseon-gu, Suwon-si","수원시 권선구",126.97987708,37.26162812,20,171,list(c(126.979959277971, 126.979959277971, 127.180420822351, 127.180420822351, 126.979959277971, 36.9730725385641, 37.1735340829451, 37.1735340829451, 36.9730725385641, 36.9730725385641))
"86","127.280651594542_37.0733033107546",127.280651594542,37.0733033107546,"127.01638583_37.2788413","41115","Paldal-gu, Suwon-si","수원시 팔달구",127.01638583,37.2788413,21,172,list(c(127.180420822351, 127.180420822351, 127.380882366732, 127.380882366732, 127.180420822351, 36.9730725385641, 37.1735340829451, 37.1735340829451, 36.9730725385641, 36.9730725385641))
"105","127.481113138923_37.0733033107546",127.481113138923,37.0733033107546,"127.11957783_37.26672185","41463","Giheung-gu, Yongin-si","용인시기흥구",127.11957783,37.26672185,47,173,list(c(127.380882366732, 127.380882366732, 127.581343911113, 127.581343911113, 127.380882366732, 36.9730725385641, 37.1735340829451, 37.1735340829451, 36.9730725385641, 36.9730725385641))
"122","127.681574683304_37.0733033107546",127.681574683304,37.0733033107546,"127.07022023_37.33281913","41465","Suji-gu, Yongin-si","용인시수지구",127.07022023,37.33281913,48,174,list(c(127.581343911113, 127.581343911113, 127.781805455494, 127.781805455494, 127.581343911113, 36.9730725385641, 37.1735340829451, 37.1735340829451, 36.9730725385641, 36.9730725385641))
"140","127.882036227685_37.0733033107546",127.882036227685,37.0733033107546,"127.48049855_37.2070613","41500","Icheon-si","이천시",127.48049855,37.2070613,50,175,list(c(127.781805455494, 127.781805455494, 127.982266999875, 127.982266999875, 127.781805455494, 36.9730725385641, 37.1735340829451, 37.1735340829451, 36.9730725385641, 36.9730725385641))
"157","128.082497772066_37.0733033107546",128.082497772066,37.0733033107546,"127.10522695_37.37817354","41135","Bundang-gu, Seongnam-si","성남시 분당구",127.10522695,37.37817354,25,176,list(c(127.982266999875, 127.982266999875, 128.182728544256, 128.182728544256, 127.982266999875, 36.9730725385641, 37.1735340829451, 37.1735340829451, 36.9730725385641, 36.9730725385641))
"174","128.282959316447_37.0733033107546",128.282959316447,37.0733033107546,"128.14132138_37.05934659","43150","Jecheon-si","제천시",128.14132138,37.05934659,241,177,list(c(128.182728544256, 128.182728544256, 128.383190088637, 128.383190088637, 128.182728544256, 36.9730725385641, 37.1735340829451, 37.1735340829451, 36.9730725385641, 36.9730725385641))
"191","128.483420860828_37.0733033107546",128.483420860828,37.0733033107546,"127.61537736_37.30404355","41670","Yeoju-si","여주시",127.61537736,37.30404355,57,178,list(c(128.383190088637, 128.383190088637, 128.583651633018, 128.583651633018, 128.383190088637, 36.9730725385641, 37.1735340829451, 37.1735340829451, 36.9730725385641, 36.9730725385641))
"208","128.683882405209_37.0733033107546",128.683882405209,37.0733033107546,"127.10342918_37.43423615","41131","Sujeong-gu, Seongnam-si","성남시 수정구",127.10342918,37.43423615,23,179,list(c(128.583651633018, 128.583651633018, 128.784113177399, 128.784113177399, 128.583651633018, 36.9730725385641, 37.1735340829451, 37.1735340829451, 36.9730725385641, 36.9730725385641))
"222","128.88434394959_37.0733033107546",128.88434394959,37.0733033107546,"128.50073634_37.20365761","42750","Yeongwol-gun","영월군",128.50073634,37.20365761,10,180,list(c(128.784113177399, 128.784113177399, 128.98457472178, 128.98457472178, 128.784113177399, 36.9730725385641, 37.1735340829451, 37.1735340829451, 36.9730725385641, 36.9730725385641))
"235","129.084805493971_37.0733033107546",129.084805493971,37.0733033107546,"128.98028444_37.17355382","42190","Taebaek-si","태백시",128.98028444,37.17355382,5,181,list(c(128.98457472178, 128.98457472178, 129.185036266161, 129.185036266161, 128.98457472178, 36.9730725385641, 37.1735340829451, 37.1735340829451, 36.9730725385641, 36.9730725385641))
"246","129.285267038352_37.0733033107546",129.285267038352,37.0733033107546,"129.31117375_36.90459923","47930","Uljin-gun","울진군",129.31117375,36.90459923,105,182,list(c(129.185036266161, 129.185036266161, 129.385497810542, 129.385497810542, 129.185036266161, 36.9730725385641, 37.1735340829451, 37.1735340829451, 36.9730725385641, 36.9730725385641))
"52","126.87972850578_37.2737648551356",126.87972850578,37.2737648551356,"126.87300218_37.31860877","41271","Sangnok-gu, Ansan-si","안산시상록구",126.87300218,37.31860877,33,183,list(c(126.77949773359, 126.77949773359, 126.979959277971, 126.979959277971, 126.77949773359, 37.1735340829451, 37.373995627326, 37.373995627326, 37.1735340829451, 37.1735340829451))
"69","127.080190050161_37.2737648551356",127.080190050161,37.2737648551356,"127.00322226_37.31396485","41111","Jangan-gu, Suwon-si","수원시 장안구",127.00322226,37.31396485,19,184,list(c(126.979959277971, 126.979959277971, 127.180420822351, 127.180420822351, 126.979959277971, 37.1735340829451, 37.373995627326, 37.373995627326, 37.1735340829451, 37.1735340829451))
"87","127.280651594542_37.2737648551356",127.280651594542,37.2737648551356,"126.95643276_37.4013949","41173","Dongan-gu, Anyang-si","안양시동안구",126.95643276,37.4013949,28,185,list(c(127.180420822351, 127.180420822351, 127.380882366732, 127.380882366732, 127.180420822351, 37.1735340829451, 37.373995627326, 37.373995627326, 37.1735340829451, 37.1735340829451))
"106","127.481113138923_37.2737648551356",127.481113138923,37.2737648551356,"126.90134998_37.45987211","11545","Geumcheon-gu","금천구",126.90134998,37.45987211,157,186,list(c(127.380882366732, 127.380882366732, 127.581343911113, 127.581343911113, 127.380882366732, 37.1735340829451, 37.373995627326, 37.373995627326, 37.1735340829451, 37.1735340829451))
"123","127.681574683304_37.2737648551356",127.681574683304,37.2737648551356,"127.00648048_37.43231028","41290","Gwacheon-si","과천시",127.00648048,37.43231028,38,187,list(c(127.581343911113, 127.581343911113, 127.781805455494, 127.781805455494, 127.581343911113, 37.1735340829451, 37.373995627326, 37.373995627326, 37.1735340829451, 37.1735340829451))
"141","127.882036227685_37.2737648551356",127.882036227685,37.2737648551356,"127.30268238_37.40445004","41610","Gwangju-si","광주시",127.30268238,37.40445004,54,188,list(c(127.781805455494, 127.781805455494, 127.982266999875, 127.982266999875, 127.781805455494, 37.1735340829451, 37.373995627326, 37.373995627326, 37.1735340829451, 37.1735340829451))
"158","128.082497772066_37.2737648551356",128.082497772066,37.2737648551356,"127.93010149_37.30827214","42130","Wonju-si","원주시",127.93010149,37.30827214,2,189,list(c(127.982266999875, 127.982266999875, 128.182728544256, 128.182728544256, 127.982266999875, 37.1735340829451, 37.373995627326, 37.373995627326, 37.1735340829451, 37.1735340829451))
"175","128.282959316447_37.2737648551356",128.282959316447,37.2737648551356,"127.16307454_37.43393961","41133","Jungwon-gu, Seongnam-si","성남시 중원구",127.16307454,37.43393961,24,190,list(c(128.182728544256, 128.182728544256, 128.383190088637, 128.383190088637, 128.182728544256, 37.1735340829451, 37.373995627326, 37.373995627326, 37.1735340829451, 37.1735340829451))
"192","128.483420860828_37.2737648551356",128.483420860828,37.2737648551356,"126.94648518_37.46757212","11620","Gwanak-gu","관악구",126.94648518,37.46757212,160,191,list(c(128.383190088637, 128.383190088637, 128.583651633018, 128.583651633018, 128.383190088637, 37.1735340829451, 37.373995627326, 37.373995627326, 37.1735340829451, 37.1735340829451))
"209","128.683882405209_37.2737648551356",128.683882405209,37.2737648551356,"127.02824861_37.4737567","11650","Seocho-gu","서초구",127.02824861,37.4737567,161,192,list(c(128.583651633018, 128.583651633018, 128.784113177399, 128.784113177399, 128.583651633018, 37.1735340829451, 37.373995627326, 37.373995627326, 37.1735340829451, 37.1735340829451))
"223","128.88434394959_37.2737648551356",128.88434394959,37.2737648551356,"127.06447732_37.49500863","11680","Gangnam-gu","강남구",127.06447732,37.49500863,162,193,list(c(128.784113177399, 128.784113177399, 128.98457472178, 128.98457472178, 128.784113177399, 37.1735340829451, 37.373995627326, 37.373995627326, 37.1735340829451, 37.1735340829451))
"236","129.084805493971_37.2737648551356",129.084805493971,37.2737648551356,"128.73664322_37.379545","42770","Jeongseon-gun","정선군",128.73664322,37.379545,12,194,list(c(128.98457472178, 128.98457472178, 129.185036266161, 129.185036266161, 128.98457472178, 37.1735340829451, 37.373995627326, 37.373995627326, 37.1735340829451, 37.1735340829451))
"247","129.285267038352_37.2737648551356",129.285267038352,37.2737648551356,"129.11945854_37.27940031","42230","Samcheok-si","삼척시",129.11945854,37.27940031,7,195,list(c(129.185036266161, 129.185036266161, 129.385497810542, 129.385497810542, 129.185036266161, 37.1735340829451, 37.373995627326, 37.373995627326, 37.1735340829451, 37.1735340829451))
"19","126.478805417018_37.4742263995165",126.478805417018,37.4742263995165,"126.48362709_37.47420206","28110","Jung-gu","중구",126.48362709,37.47420206,171,196,list(c(126.378574644828, 126.378574644828, 126.579036189209, 126.579036189209, 126.378574644828, 37.373995627326, 37.574457171707, 37.574457171707, 37.373995627326, 37.373995627326))
"35","126.679266961399_37.4742263995165",126.679266961399,37.4742263995165,"126.65875263_37.55760545","28260","Seo-gu","서구",126.65875263,37.55760545,178,197,list(c(126.579036189209, 126.579036189209, 126.77949773359, 126.77949773359, 126.579036189209, 37.373995627326, 37.574457171707, 37.574457171707, 37.373995627326, 37.373995627326))
"53","126.87972850578_37.4742263995165",126.87972850578,37.4742263995165,"126.85866622_37.49671695","11530","Guro-gu","구로구",126.85866622,37.49671695,156,198,list(c(126.77949773359, 126.77949773359, 126.979959277971, 126.979959277971, 126.77949773359, 37.373995627326, 37.574457171707, 37.574457171707, 37.373995627326, 37.373995627326))
"70","127.080190050161_37.4742263995165",127.080190050161,37.4742263995165,"126.95114854_37.49926262","11590","Dongjak-gu","동작구",126.95114854,37.49926262,159,199,list(c(126.979959277971, 126.979959277971, 127.180420822351, 127.180420822351, 126.979959277971, 37.373995627326, 37.574457171707, 37.574457171707, 37.373995627326, 37.373995627326))
"88","127.280651594542_37.4742263995165",127.280651594542,37.4742263995165,"126.85359498_37.52604459","11470","Yangcheon-gu","양천구",126.85359498,37.52604459,154,200,list(c(127.180420822351, 127.180420822351, 127.380882366732, 127.380882366732, 127.180420822351, 37.373995627326, 37.574457171707, 37.574457171707, 37.373995627326, 37.373995627326))
"107","127.481113138923_37.4742263995165",127.481113138923,37.4742263995165,"127.11562474_37.5055855","11710","Songpa-gu","송파구",127.11562474,37.5055855,163,201,list(c(127.380882366732, 127.380882366732, 127.581343911113, 127.581343911113, 127.380882366732, 37.373995627326, 37.574457171707, 37.574457171707, 37.373995627326, 37.373995627326))
"124","127.681574683304_37.4742263995165",127.681574683304,37.4742263995165,"126.90990612_37.5222641","11560","Yeongdeungpo-gu","영등포구",126.90990612,37.5222641,158,202,list(c(127.581343911113, 127.581343911113, 127.781805455494, 127.781805455494, 127.581343911113, 37.373995627326, 37.574457171707, 37.574457171707, 37.373995627326, 37.373995627326))
"142","127.882036227685_37.4742263995165",127.882036227685,37.4742263995165,"126.97848052_37.53058863","11170","Yongsan-gu","용산구",126.97848052,37.53058863,142,203,list(c(127.781805455494, 127.781805455494, 127.982266999875, 127.982266999875, 127.781805455494, 37.373995627326, 37.574457171707, 37.574457171707, 37.373995627326, 37.373995627326))
"159","128.082497772066_37.4742263995165",128.082497772066,37.4742263995165,"127.20393345_37.52045954","41450","Hanam-si","하남시",127.20393345,37.52045954,45,204,list(c(127.982266999875, 127.982266999875, 128.182728544256, 128.182728544256, 127.982266999875, 37.373995627326, 37.574457171707, 37.574457171707, 37.373995627326, 37.373995627326))
"176","128.282959316447_37.4742263995165",128.282959316447,37.4742263995165,"127.57589149_37.51843907","41830","Yangpyeong-gun","양평군",127.57589149,37.51843907,60,205,list(c(128.182728544256, 128.182728544256, 128.383190088637, 128.383190088637, 128.182728544256, 37.373995627326, 37.574457171707, 37.574457171707, 37.373995627326, 37.373995627326))
"193","128.483420860828_37.4742263995165",128.483420860828,37.4742263995165,"127.08664295_37.54831761","11215","Gwangjin-gu","광진구",127.08664295,37.54831761,144,206,list(c(128.383190088637, 128.383190088637, 128.583651633018, 128.583651633018, 128.383190088637, 37.373995627326, 37.574457171707, 37.574457171707, 37.373995627326, 37.373995627326))
"210","128.683882405209_37.4742263995165",128.683882405209,37.4742263995165,"128.07714655_37.50979567","42730","Hoengseong-gun","횡성군",128.07714655,37.50979567,9,207,list(c(128.583651633018, 128.583651633018, 128.784113177399, 128.784113177399, 128.583651633018, 37.373995627326, 37.574457171707, 37.574457171707, 37.373995627326, 37.373995627326))
"224","128.88434394959_37.4742263995165",128.88434394959,37.4742263995165,"128.48393788_37.55952175","42760","Pyeongchang-gun","평창군",128.48393788,37.55952175,11,208,list(c(128.784113177399, 128.784113177399, 128.98457472178, 128.98457472178, 128.784113177399, 37.373995627326, 37.574457171707, 37.574457171707, 37.373995627326, 37.373995627326))
"237","129.084805493971_37.4742263995165",129.084805493971,37.4742263995165,"129.05750814_37.50769914","42170","Donghae-si","동해시",129.05750814,37.50769914,4,209,list(c(128.98457472178, 128.98457472178, 129.185036266161, 129.185036266161, 128.98457472178, 37.373995627326, 37.574457171707, 37.574457171707, 37.373995627326, 37.373995627326))
"249","130.8889593934_37.4742263995165",130.8889593934,37.4742263995165,"130.86050908_37.50231064","47940","Ulleung-gun","울릉군",130.86050908,37.50231064,106,210,list(c(130.788728621209, 130.788728621209, 130.98919016559, 130.98919016559, 130.788728621209, 37.373995627326, 37.574457171707, 37.574457171707, 37.373995627326, 37.373995627326))
"20","126.478805417018_37.6746879438975",126.478805417018,37.6746879438975,"126.41621198_37.71355737","28710","Ganghwa-gun","강화군",126.41621198,37.71355737,179,211,list(c(126.378574644828, 126.378574644828, 126.579036189209, 126.579036189209, 126.378574644828, 37.574457171707, 37.774918716088, 37.774918716088, 37.574457171707, 37.574457171707))
"36","126.679266961399_37.6746879438975",126.679266961399,37.6746879438975,"126.62642301_37.68062749","41570","Gimpo-si","김포시",126.62642301,37.68062749,52,212,list(c(126.579036189209, 126.579036189209, 126.77949773359, 126.77949773359, 126.579036189209, 37.574457171707, 37.774918716088, 37.774918716088, 37.574457171707, 37.574457171707))
"54","126.87972850578_37.6746879438975",126.87972850578,37.6746879438975,"126.73811099_37.55724427","28245","Gyeyang-gu","계양구",126.73811099,37.55724427,177,213,list(c(126.77949773359, 126.77949773359, 126.979959277971, 126.979959277971, 126.77949773359, 37.574457171707, 37.774918716088, 37.774918716088, 37.574457171707, 37.574457171707))
"71","127.080190050161_37.6746879438975",127.080190050161,37.6746879438975,"127.01118085_37.64226475","11305","Gangbuk-gu","강북구",127.01118085,37.64226475,148,214,list(c(126.979959277971, 126.979959277971, 127.180420822351, 127.180420822351, 126.979959277971, 37.574457171707, 37.774918716088, 37.774918716088, 37.574457171707, 37.574457171707))
"89","127.280651594542_37.6746879438975",127.280651594542,37.6746879438975,"127.24116458_37.66376958","41360","Namyangju-si","남양주시",127.24116458,37.66376958,40,215,list(c(127.180420822351, 127.180420822351, 127.380882366732, 127.380882366732, 127.180420822351, 37.574457171707, 37.774918716088, 37.774918716088, 37.574457171707, 37.574457171707))
"108","127.481113138923_37.6746879438975",127.481113138923,37.6746879438975,"127.09146589_37.59712357","11260","Jungnang-gu","중랑구",127.09146589,37.59712357,146,216,list(c(127.380882366732, 127.380882366732, 127.581343911113, 127.581343911113, 127.380882366732, 37.574457171707, 37.774918716088, 37.774918716088, 37.574457171707, 37.574457171707))
"125","127.681574683304_37.6746879438975",127.681574683304,37.6746879438975,"127.13173214_37.59626867","41310","Guri-si","구리시",127.13173214,37.59626867,39,217,list(c(127.581343911113, 127.581343911113, 127.781805455494, 127.781805455494, 127.581343911113, 37.574457171707, 37.774918716088, 37.774918716088, 37.574457171707, 37.574457171707))
"143","127.882036227685_37.6746879438975",127.882036227685,37.6746879438975,"127.05422835_37.58137858","11230","Dongdaemun-gu","동대문구",127.05422835,37.58137858,145,218,list(c(127.781805455494, 127.781805455494, 127.982266999875, 127.982266999875, 127.781805455494, 37.574457171707, 37.774918716088, 37.774918716088, 37.574457171707, 37.574457171707))
"160","128.082497772066_37.6746879438975",128.082497772066,37.6746879438975,"126.90636515_37.56038652","11440","Mapo-gu","마포구",126.90636515,37.56038652,153,219,list(c(127.982266999875, 127.982266999875, 128.182728544256, 128.182728544256, 127.982266999875, 37.574457171707, 37.774918716088, 37.774918716088, 37.574457171707, 37.574457171707))
"177","128.282959316447_37.6746879438975",128.282959316447,37.6746879438975,"126.99377467_37.5584201","11140","Jung-gu","중구",126.99377467,37.5584201,141,220,list(c(128.182728544256, 128.182728544256, 128.383190088637, 128.383190088637, 128.182728544256, 37.574457171707, 37.774918716088, 37.774918716088, 37.574457171707, 37.574457171707))
"194","128.483420860828_37.6746879438975",128.483420860828,37.6746879438975,"127.04056254_37.54920972","11200","Seongdong-gu","성동구",127.04056254,37.54920972,143,221,list(c(128.383190088637, 128.383190088637, 128.583651633018, 128.583651633018, 128.383190088637, 37.574457171707, 37.774918716088, 37.774918716088, 37.574457171707, 37.574457171707))
"211","128.683882405209_37.6746879438975",128.683882405209,37.6746879438975,"127.14725283_37.55034416","11740","Gangdong-gu","강동구",127.14725283,37.55034416,164,222,list(c(128.583651633018, 128.583651633018, 128.784113177399, 128.784113177399, 128.583651633018, 37.574457171707, 37.774918716088, 37.774918716088, 37.574457171707, 37.574457171707))
"225","128.88434394959_37.6746879438975",128.88434394959,37.6746879438975,"128.83629661_37.70909758","42150","Gangneung-si","강릉시",128.83629661,37.70909758,3,223,list(c(128.784113177399, 128.784113177399, 128.98457472178, 128.98457472178, 128.784113177399, 37.574457171707, 37.774918716088, 37.774918716088, 37.574457171707, 37.574457171707))
"55","126.87972850578_37.8751494882785",126.87972850578,37.8751494882785,"126.72620015_37.68085155","41287","Ilsanseo-gu, Goyang-si","고양시일산서구",126.72620015,37.68085155,37,224,list(c(126.77949773359, 126.77949773359, 126.979959277971, 126.979959277971, 126.77949773359, 37.774918716088, 37.975380260469, 37.975380260469, 37.774918716088, 37.774918716088))
"72","127.080190050161_37.8751494882785",127.080190050161,37.8751494882785,"127.00323756_37.81000703","41630","Yangju-si","양주시",127.00323756,37.81000703,55,225,list(c(126.979959277971, 126.979959277971, 127.180420822351, 127.180420822351, 126.979959277971, 37.774918716088, 37.975380260469, 37.975380260469, 37.774918716088, 37.774918716088))
"90","127.280651594542_37.8751494882785",127.280651594542,37.8751494882785,"127.0670189_37.73619732","41150","Uijeongbu-si","의정부시",127.0670189,37.73619732,26,226,list(c(127.180420822351, 127.180420822351, 127.380882366732, 127.380882366732, 127.180420822351, 37.774918716088, 37.975380260469, 37.975380260469, 37.774918716088, 37.774918716088))
"109","127.481113138923_37.8751494882785",127.481113138923,37.8751494882785,"127.03233525_37.66808244","11320","Dobong-gu","도봉구",127.03233525,37.66808244,149,227,list(c(127.380882366732, 127.380882366732, 127.581343911113, 127.581343911113, 127.380882366732, 37.774918716088, 37.975380260469, 37.975380260469, 37.774918716088, 37.774918716088))
"126","127.681574683304_37.8751494882785",127.681574683304,37.8751494882785,"127.07541964_37.65002577","11350","Nowon-gu","노원구",127.07541964,37.65002577,150,228,list(c(127.581343911113, 127.581343911113, 127.781805455494, 127.781805455494, 127.581343911113, 37.774918716088, 37.975380260469, 37.975380260469, 37.774918716088, 37.774918716088))
"144","127.882036227685_37.8751494882785",127.882036227685,37.8751494882785,"127.01755738_37.60571667","11290","Seongbuk-gu","성북구",127.01755738,37.60571667,147,229,list(c(127.781805455494, 127.781805455494, 127.982266999875, 127.982266999875, 127.781805455494, 37.774918716088, 37.975380260469, 37.975380260469, 37.774918716088, 37.774918716088))
"161","128.082497772066_37.8751494882785",128.082497772066,37.8751494882785,"126.97844273_37.59446377","11110","Jongno-gu","종로구",126.97844273,37.59446377,140,230,list(c(127.982266999875, 127.982266999875, 128.182728544256, 128.182728544256, 127.982266999875, 37.774918716088, 37.975380260469, 37.975380260469, 37.774918716088, 37.774918716088))
"178","128.282959316447_37.8751494882785",128.282959316447,37.8751494882785,"126.93915291_37.57845052","11410","Seodaemun-gu","서대문구",126.93915291,37.57845052,152,231,list(c(128.182728544256, 128.182728544256, 128.383190088637, 128.383190088637, 128.182728544256, 37.774918716088, 37.975380260469, 37.975380260469, 37.774918716088, 37.774918716088))
"195","128.483420860828_37.8751494882785",128.483420860828,37.8751494882785,"128.07181889_37.74537199","42720","Hongcheon-gun","홍천군",128.07181889,37.74537199,8,232,list(c(128.383190088637, 128.383190088637, 128.583651633018, 128.583651633018, 128.383190088637, 37.774918716088, 37.975380260469, 37.975380260469, 37.774918716088, 37.774918716088))
"212","128.683882405209_37.8751494882785",128.683882405209,37.8751494882785,"128.59638094_38.00454776","42830","Yangyang-gun","양양군",128.59638094,38.00454776,18,233,list(c(128.583651633018, 128.583651633018, 128.784113177399, 128.784113177399, 128.583651633018, 37.774918716088, 37.975380260469, 37.975380260469, 37.774918716088, 37.774918716088))
"56","126.87972850578_38.0756110326595",126.87972850578,38.0756110326595,"126.81255684_37.85600241","41480","Paju-si","파주시",126.81255684,37.85600241,49,234,list(c(126.77949773359, 126.77949773359, 126.979959277971, 126.979959277971, 126.77949773359, 37.975380260469, 38.17584180485, 38.17584180485, 37.975380260469, 37.975380260469))
"73","127.080190050161_38.0756110326595",127.080190050161,38.0756110326595,"126.79746138_37.67902619","41285","Ilsandong-gu, Goyang-si","고양시일산동구",126.79746138,37.67902619,36,235,list(c(126.979959277971, 126.979959277971, 127.180420822351, 127.180420822351, 126.979959277971, 37.975380260469, 38.17584180485, 38.17584180485, 37.975380260469, 37.975380260469))
"91","127.280651594542_38.0756110326595",127.280651594542,38.0756110326595,"127.0778178_37.91671223","41250","Dongducheon-si","동두천시",127.0778178,37.91671223,32,236,list(c(127.180420822351, 127.180420822351, 127.380882366732, 127.380882366732, 127.180420822351, 37.975380260469, 38.17584180485, 38.17584180485, 37.975380260469, 37.975380260469))
"110","127.481113138923_38.0756110326595",127.481113138923,38.0756110326595,"126.88019243_37.65492278","41281","Deogyang-gu, Goyang-si","고양시덕양구",126.88019243,37.65492278,35,237,list(c(127.380882366732, 127.380882366732, 127.581343911113, 127.581343911113, 127.380882366732, 37.975380260469, 38.17584180485, 38.17584180485, 37.975380260469, 37.975380260469))
"127","127.681574683304_38.0756110326595",127.681574683304,38.0756110326595,"126.82566772_37.56186981","11500","Gangseo-gu","강서구",126.82566772,37.56186981,155,238,list(c(127.581343911113, 127.581343911113, 127.781805455494, 127.781805455494, 127.581343911113, 37.975380260469, 38.17584180485, 38.17584180485, 37.975380260469, 37.975380260469))
"145","127.882036227685_38.0756110326595",127.882036227685,38.0756110326595,"127.44839092_37.81788828","41820","Gapyeong-gun","가평군",127.44839092,37.81788828,59,239,list(c(127.781805455494, 127.781805455494, 127.982266999875, 127.982266999875, 127.781805455494, 37.975380260469, 38.17584180485, 38.17584180485, 37.975380260469, 37.975380260469))
"162","128.082497772066_38.0756110326595",128.082497772066,38.0756110326595,"127.73855025_37.89075028","42110","Chuncheon-si","춘천시",127.73855025,37.89075028,1,240,list(c(127.982266999875, 127.982266999875, 128.182728544256, 128.182728544256, 127.982266999875, 37.975380260469, 38.17584180485, 38.17584180485, 37.975380260469, 37.975380260469))
"179","128.282959316447_38.0756110326595",128.282959316447,38.0756110326595,"128.26556444_38.06585263","42810","Inje-gun","인제군",128.26556444,38.06585263,16,241,list(c(128.182728544256, 128.182728544256, 128.383190088637, 128.383190088637, 128.182728544256, 37.975380260469, 38.17584180485, 38.17584180485, 37.975380260469, 37.975380260469))
"196","128.483420860828_38.0756110326595",128.483420860828,38.0756110326595,"128.51702828_38.17460698","42210","Sokcho-si","속초시",128.51702828,38.17460698,6,242,list(c(128.383190088637, 128.383190088637, 128.583651633018, 128.583651633018, 128.383190088637, 37.975380260469, 38.17584180485, 38.17584180485, 37.975380260469, 37.975380260469))
"92","127.280651594542_38.2760725770405",127.280651594542,38.2760725770405,"127.02434935_38.09161801","41800","Yeoncheon-gun","연천군",127.02434935,38.09161801,58,243,list(c(127.180420822351, 127.180420822351, 127.380882366732, 127.380882366732, 127.180420822351, 38.17584180485, 38.376303349231, 38.376303349231, 38.17584180485, 38.17584180485))
"111","127.481113138923_38.2760725770405",127.481113138923,38.2760725770405,"127.39553988_38.23985559","42780","Cheorwon-gun","철원군",127.39553988,38.23985559,13,244,list(c(127.380882366732, 127.380882366732, 127.581343911113, 127.581343911113, 127.380882366732, 38.17584180485, 38.376303349231, 38.376303349231, 38.17584180485, 38.17584180485))
"128","127.681574683304_38.2760725770405",127.681574683304,38.2760725770405,"127.25209887_37.97369718","41650","Pocheon-si","포천시",127.25209887,37.97369718,56,245,list(c(127.581343911113, 127.581343911113, 127.781805455494, 127.781805455494, 127.581343911113, 38.17584180485, 38.376303349231, 38.376303349231, 38.17584180485, 38.17584180485))
"146","127.882036227685_38.2760725770405",127.882036227685,38.2760725770405,"127.68466236_38.1377594","42790","Hwacheon-gun","화천군",127.68466236,38.1377594,14,246,list(c(127.781805455494, 127.781805455494, 127.982266999875, 127.982266999875, 127.781805455494, 38.17584180485, 38.376303349231, 38.376303349231, 38.17584180485, 38.17584180485))
"163","128.082497772066_38.2760725770405",128.082497772066,38.2760725770405,"126.92587755_37.61922434","11380","Eunpyeong-gu","은평구",126.92587755,37.61922434,151,247,list(c(127.982266999875, 127.982266999875, 128.182728544256, 128.182728544256, 127.982266999875, 38.17584180485, 38.376303349231, 38.376303349231, 38.17584180485, 38.17584180485))
"180","128.282959316447_38.2760725770405",128.282959316447,38.2760725770405,"127.99809563_38.17516333","42800","Yanggu-gun","양구군",127.99809563,38.17516333,15,248,list(c(128.182728544256, 128.182728544256, 128.383190088637, 128.383190088637, 128.182728544256, 38.17584180485, 38.376303349231, 38.376303349231, 38.17584180485, 38.17584180485))
"197","128.483420860828_38.2760725770405",128.483420860828,38.2760725770405,"128.41266832_38.36166255","42820","Goseong-gun","고성군",128.41266832,38.36166255,17,249,list(c(128.383190088637, 128.383190088637, 128.583651633018, 128.583651633018, 128.383190088637, 38.17584180485, 38.376303349231, 38.376303349231, 38.17584180485, 38.17584180485))
